{
  "2": {
    "metrics/precision(B)": 0.8958333333333333,
    "metrics/recall(B)": 0.5294117647058824,
    "metrics/mAP50(B)": 0.7289632826398049,
    "metrics/mAP50-95(B)": 0.5821532197020227,
    "fitness": 0.5821532197020227
  }
}